id,first_seen
1340323,2026-10-07T14:09:36+00:00
1505018,2026-10-07T14:09:36+00:00
1505867,2026-10-07T14:09:36+00:00
1589673,2026-10-07T14:09:36+00:00
1595038,2026-10-07T14:09:36+00:00
1599075,2026-10-07T14:09:36+00:00
1623829,2026-10-07T14:09:36+00:00
1627333,2026-10-07T14:09:36+00:00
1630010,2026-10-07T14:09:36+00:00
1634954,2026-10-07T14:09:36+00:00
1634987,2026-10-07T14:09:36+00:00
1635721,2026-10-07T14:09:36+00:00
1636184,2026-10-07T14:09:36+00:00
1636626,2026-10-07T14:09:36+00:00
1640282,2026-10-07T14:09:36+00:00
1640344,2026-10-07T14:09:36+00:00
1640345,2026-10-07T14:09:36+00:00
1640428,2026-10-07T14:09:36+00:00
1640575,2026-10-07T14:09:36+00:00
1642573,2026-10-07T14:09:36+00:00
1642928,2026-10-07T14:09:36+00:00
1642930,2026-10-07T14:09:36+00:00
1643554,2026-10-07T14:09:36+00:00
1643561,2026-10-07T14:09:36+00:00
1644712,2026-10-07T14:09:36+00:00
1646890,2026-10-07T14:09:36+00:00
1646891,2026-10-07T14:09:36+00:00
1646994,2026-10-07T14:09:36+00:00
1646999,2026-10-07T14:09:36+00:00
1648350,2026-10-07T14:09:36+00:00
1649926,2026-10-07T14:09:36+00:00
1650206,2026-10-07T14:09:36+00:00
1650369,2026-10-07T14:09:36+00:00
1651848,2026-10-07T14:09:36+00:00
1652291,2026-10-07T14:09:36+00:00
1652301,2026-10-07T14:09:36+00:00
1652331,2026-10-07T14:09:36+00:00
1652342,2026-10-07T14:09:36+00:00
1652359,2026-10-07T14:09:36+00:00
1652369,2026-10-07T14:09:36+00:00
1652375,2026-10-07T14:09:36+00:00
1652445,2026-10-07T14:09:36+00:00
1652446,2026-10-07T14:09:36+00:00
1652451,2026-10-07T14:09:36+00:00
1652461,2026-10-07T14:09:36+00:00
1652463,2026-10-07T14:09:36+00:00
1652493,2026-10-07T14:09:36+00:00
1652495,2026-10-07T14:09:36+00:00
1652499,2026-10-07T14:09:36+00:00
1652561,2026-10-07T14:09:36+00:00
1652562,2026-10-07T14:09:36+00:00
1652565,2026-10-07T14:09:36+00:00
1652577,2026-10-07T14:09:36+00:00
1652578,2026-10-07T14:09:36+00:00
1652579,2026-10-07T14:09:36+00:00
1652585,2026-10-07T14:09:36+00:00
1652587,2026-10-07T14:09:36+00:00
1652588,2026-10-07T14:09:36+00:00
1652591,2026-10-07T14:09:36+00:00
1652593,2026-10-07T14:09:36+00:00
1652596,2026-10-07T14:09:36+00:00
1652601,2026-10-07T14:09:36+00:00
1652636,2026-10-07T14:09:36+00:00
1652672,2026-10-07T14:09:36+00:00
1652695,2026-10-07T14:09:36+00:00
1652696,2026-10-07T14:09:36+00:00
1652709,2026-10-07T14:09:36+00:00
1652751,2026-10-07T14:09:36+00:00
1652768,2026-10-07T14:09:36+00:00
1652777,2026-10-07T14:09:36+00:00
1652820,2026-10-07T14:09:36+00:00
1652832,2026-10-07T14:09:36+00:00
1652837,2026-10-07T14:09:36+00:00
1652847,2026-10-07T14:09:36+00:00
1652857,2026-10-07T14:09:36+00:00
1652876,2026-10-07T14:09:36+00:00
1652881,2026-10-07T14:09:36+00:00
1652916,2026-10-07T14:09:36+00:00
1652933,2026-10-07T14:09:36+00:00
1652943,2026-10-07T14:09:36+00:00
1652944,2026-10-07T14:09:36+00:00
1652953,2026-10-07T14:09:36+00:00
1652980,2026-10-07T14:09:36+00:00
1652986,2026-10-07T14:09:36+00:00
1652998,2026-10-07T14:09:36+00:00
1653017,2026-10-07T14:09:36+00:00
1653278,2026-10-07T14:09:36+00:00
1653285,2026-10-07T14:09:36+00:00
1653286,2026-10-07T14:09:36+00:00
1653319,2026-10-07T14:09:36+00:00
1653323,2026-10-07T14:09:36+00:00
1653337,2026-10-07T14:09:36+00:00
1653353,2026-10-07T14:09:36+00:00
1653357,2026-10-07T14:09:36+00:00
1653359,2026-10-07T14:09:36+00:00
1653360,2026-10-07T14:09:36+00:00
1653365,2026-10-07T14:09:36+00:00
1653367,2026-10-07T14:09:36+00:00
1653370,2026-10-07T14:09:36+00:00
1653373,2026-10-07T14:09:36+00:00
1653374,2026-10-07T14:09:36+00:00
1653375,2026-10-07T14:09:36+00:00
1653376,2026-10-07T14:09:36+00:00
1653377,2026-10-07T14:09:36+00:00
1653379,2026-10-07T14:09:36+00:00
1653387,2026-10-07T14:09:36+00:00
1653391,2026-10-07T14:09:36+00:00
1653435,2026-10-07T14:09:36+00:00
1653447,2026-10-07T14:09:36+00:00
1653460,2026-10-07T14:09:36+00:00
1653488,2026-10-07T14:09:36+00:00
1653495,2026-10-07T14:09:36+00:00
1653503,2026-10-07T14:09:36+00:00
1653507,2026-10-07T14:09:36+00:00
1653508,2026-10-07T14:09:36+00:00
1653509,2026-10-07T14:09:36+00:00
1653553,2026-10-07T14:09:36+00:00
1653568,2026-10-07T14:09:36+00:00
1653570,2026-10-07T14:09:36+00:00
1653610,2026-10-07T14:09:36+00:00
1653613,2026-10-07T14:09:36+00:00
1653616,2026-10-07T14:09:36+00:00
1653632,2026-10-07T14:09:36+00:00
1653637,2026-10-07T14:09:36+00:00
1653646,2026-10-07T14:09:36+00:00
1653648,2026-10-07T14:09:36+00:00
1653667,2026-10-07T14:09:36+00:00
1653683,2026-10-07T14:09:36+00:00
1653685,2026-10-07T14:09:36+00:00
1653695,2026-10-07T14:09:36+00:00
1653696,2026-10-07T14:09:36+00:00
1653744,2026-10-07T14:09:36+00:00
1653754,2026-10-07T14:09:36+00:00
1653764,2026-10-07T14:09:36+00:00
1653769,2026-10-07T14:09:36+00:00
1653771,2026-10-07T14:09:36+00:00
1653774,2026-10-07T14:09:36+00:00
1653783,2026-10-07T14:09:36+00:00
1653817,2026-10-07T14:09:36+00:00
1653818,2026-10-07T14:09:36+00:00
1653819,2026-10-07T14:09:36+00:00
1653830,2026-10-07T14:09:36+00:00
1653832,2026-10-07T14:09:36+00:00
1653833,2026-10-07T14:09:36+00:00
1653841,2026-10-07T14:09:36+00:00
1653842,2026-10-07T14:09:36+00:00
1653843,2026-10-07T14:09:36+00:00
1653844,2026-10-07T14:09:36+00:00
1654013,2026-10-07T14:09:36+00:00
1654014,2026-10-07T14:09:36+00:00
1654017,2026-10-07T14:09:36+00:00
1654033,2026-10-07T14:09:36+00:00
1654035,2026-10-07T14:09:36+00:00
1654043,2026-10-07T14:09:36+00:00
1654051,2026-10-07T14:09:36+00:00
1654069,2026-10-07T14:09:36+00:00
1654071,2026-10-07T14:09:36+00:00
1654106,2026-10-07T14:09:36+00:00
1654121,2026-10-07T14:09:36+00:00
1654156,2026-10-07T14:09:36+00:00
1654157,2026-10-07T14:09:36+00:00
1654159,2026-10-07T14:09:36+00:00
1654160,2026-10-07T14:09:36+00:00
1654163,2026-10-07T14:09:36+00:00
1654165,2026-10-07T14:09:36+00:00
1654166,2026-10-07T14:09:36+00:00
1654171,2026-10-07T14:09:36+00:00
1654175,2026-10-07T14:09:36+00:00
1654176,2026-10-07T14:09:36+00:00
1654188,2026-10-07T14:09:36+00:00
1654240,2026-10-07T14:09:36+00:00
1654257,2026-10-07T14:09:36+00:00
1654284,2026-10-07T14:09:36+00:00
1654287,2026-10-07T14:09:36+00:00
1654293,2026-10-07T14:09:36+00:00
1654306,2026-10-07T14:09:36+00:00
1654310,2026-10-07T14:09:36+00:00
1654312,2026-10-07T14:09:36+00:00
1654315,2026-10-07T14:09:36+00:00
1654317,2026-10-07T14:09:36+00:00
1654321,2026-10-07T14:09:36+00:00
1654322,2026-10-07T14:09:36+00:00
1654327,2026-10-07T14:09:36+00:00
1654345,2026-10-07T14:09:36+00:00
1654347,2026-10-07T14:09:36+00:00
1654366,2026-10-07T14:09:36+00:00
1654370,2026-10-07T14:09:36+00:00
1654373,2026-10-07T14:09:36+00:00
1654412,2026-10-07T14:09:36+00:00
1654416,2026-10-07T14:09:36+00:00
1654433,2026-10-07T14:09:36+00:00
1654436,2026-10-07T14:09:36+00:00
1654455,2026-10-07T14:09:36+00:00
1654459,2026-10-07T14:09:36+00:00
1654463,2026-10-07T14:09:36+00:00
1654466,2026-10-07T14:09:36+00:00
1654503,2026-10-07T14:09:36+00:00
1654506,2026-10-07T14:09:36+00:00
1654581,2026-10-07T14:09:36+00:00
1654608,2026-10-07T14:09:36+00:00
1654616,2026-10-07T14:09:36+00:00
1654617,2026-10-07T14:09:36+00:00
1654619,2026-10-07T14:09:36+00:00
1654621,2026-10-07T14:09:36+00:00
1654628,2026-10-07T14:09:36+00:00
1654794,2026-10-07T14:09:36+00:00
1654798,2026-10-07T14:09:36+00:00
1654852,2026-10-07T14:09:36+00:00
1654858,2026-10-07T14:09:36+00:00
1654887,2026-10-07T14:09:36+00:00
1654888,2026-10-07T14:09:36+00:00
1654889,2026-10-07T14:09:36+00:00
1654896,2026-10-07T14:09:36+00:00
1654924,2026-10-07T14:09:36+00:00
1654964,2026-10-07T14:09:36+00:00
1654997,2026-10-07T14:09:36+00:00
1655006,2026-10-07T14:09:36+00:00
1655050,2026-10-07T14:09:36+00:00
1655099,2026-10-07T14:09:36+00:00
1655113,2026-10-07T14:09:36+00:00
1655117,2026-10-07T14:09:36+00:00
1655122,2026-10-07T14:09:36+00:00
1655140,2026-10-07T14:09:36+00:00
1655148,2026-10-07T14:09:36+00:00
1655154,2026-10-07T14:09:36+00:00
1655156,2026-10-07T14:09:36+00:00
1655166,2026-10-07T14:09:36+00:00
1655193,2026-10-07T14:09:36+00:00
1655197,2026-10-07T14:09:36+00:00
1655224,2026-10-07T14:09:36+00:00
1655258,2026-10-07T14:09:36+00:00
1655272,2026-10-07T14:09:36+00:00
1655273,2026-10-07T14:09:36+00:00
1655274,2026-10-07T14:09:36+00:00
1655286,2026-10-07T14:09:36+00:00
1655310,2026-10-07T14:09:36+00:00
1655311,2026-10-07T14:09:36+00:00
1655471,2026-10-07T14:09:36+00:00
1655475,2026-10-07T14:09:36+00:00
1655483,2026-10-07T14:09:36+00:00
1655487,2026-10-07T14:09:36+00:00
1655502,2026-10-07T14:09:36+00:00
1655517,2026-10-07T14:09:36+00:00
1655518,2026-10-07T14:09:36+00:00
1655535,2026-10-07T14:09:36+00:00
1655538,2026-10-07T14:09:36+00:00
1655543,2026-10-07T14:09:36+00:00
1655560,2026-10-07T14:09:36+00:00
1655563,2026-10-07T14:09:36+00:00
1655566,2026-10-07T14:09:36+00:00
1655594,2026-10-07T14:09:36+00:00
1655623,2026-10-07T14:09:36+00:00
1655634,2026-10-07T14:09:36+00:00
1655648,2026-10-07T14:09:36+00:00
1655652,2026-10-07T14:09:36+00:00
1655653,2026-10-07T14:09:36+00:00
1655657,2026-10-07T14:09:36+00:00
1655662,2026-10-07T14:09:36+00:00
1655666,2026-10-07T14:09:36+00:00
1655676,2026-10-07T14:09:36+00:00
1655701,2026-10-07T14:09:36+00:00
1655722,2026-10-07T14:09:36+00:00
1655732,2026-10-07T14:09:36+00:00
1655735,2026-10-07T14:09:36+00:00
1655753,2026-10-07T14:09:36+00:00
1655764,2026-10-07T14:09:36+00:00
1655775,2026-10-07T14:09:36+00:00
1655809,2026-10-07T14:09:36+00:00
1655814,2026-10-07T14:09:36+00:00
1655818,2026-10-07T14:09:36+00:00
1655824,2026-10-07T14:09:36+00:00
1655825,2026-10-07T14:09:36+00:00
1655832,2026-10-07T14:09:36+00:00
1655857,2026-10-07T14:09:36+00:00
1655859,2026-10-07T14:09:36+00:00
1655877,2026-10-07T14:09:36+00:00
1655882,2026-10-07T14:09:36+00:00
1655886,2026-10-07T14:09:36+00:00
1655887,2026-10-07T14:09:36+00:00
1655888,2026-10-07T14:09:36+00:00
1655908,2026-10-07T14:09:36+00:00
1655918,2026-10-07T14:09:36+00:00
1655923,2026-10-07T14:09:36+00:00
1655927,2026-10-07T14:09:36+00:00
1655933,2026-10-07T14:09:36+00:00
1655940,2026-10-07T14:09:36+00:00
1655957,2026-10-07T14:09:36+00:00
1655958,2026-10-07T14:09:36+00:00
1655963,2026-10-07T14:09:36+00:00
1655970,2026-10-07T14:09:36+00:00
1656074,2026-10-07T14:09:36+00:00
1656098,2026-10-07T14:09:36+00:00
1656131,2026-10-07T14:09:36+00:00
1656133,2026-10-07T14:09:36+00:00
1656148,2026-10-07T14:09:36+00:00
1656164,2026-10-07T14:09:36+00:00
1656168,2026-10-07T14:09:36+00:00
1656184,2026-10-07T14:09:36+00:00
1656185,2026-10-07T14:09:36+00:00
1656187,2026-10-07T14:09:36+00:00
1656190,2026-10-07T14:09:36+00:00
1656207,2026-10-07T14:09:36+00:00
1656230,2026-10-07T14:09:36+00:00
1656235,2026-10-07T14:09:36+00:00
1656266,2026-10-07T14:09:36+00:00
1656271,2026-10-07T14:09:36+00:00
1656285,2026-10-07T14:09:36+00:00
1656301,2026-10-07T14:09:36+00:00
1656313,2026-10-07T14:09:36+00:00
1656315,2026-10-07T14:09:36+00:00
1656322,2026-10-07T14:09:36+00:00
1656348,2026-10-07T14:09:36+00:00
1656349,2026-10-07T14:09:36+00:00
1656352,2026-10-07T14:09:36+00:00
1656360,2026-10-07T14:09:36+00:00
1656361,2026-10-07T14:09:36+00:00
1656369,2026-10-07T14:09:36+00:00
1656370,2026-10-07T14:09:36+00:00
1656385,2026-10-07T14:09:36+00:00
1656387,2026-10-07T14:09:36+00:00
1656397,2026-10-07T14:09:36+00:00
1656400,2026-10-07T14:09:36+00:00
1656412,2026-10-07T14:09:36+00:00
1656413,2026-10-07T14:09:36+00:00
1656415,2026-10-07T14:09:36+00:00
1656417,2026-10-07T14:09:36+00:00
1656419,2026-10-07T14:09:36+00:00
1656428,2026-10-07T14:09:36+00:00
1656431,2026-10-07T14:09:36+00:00
1656434,2026-10-07T14:09:36+00:00
1656438,2026-10-07T14:09:36+00:00
1656440,2026-10-07T14:09:36+00:00
1656447,2026-10-07T14:09:36+00:00
1656451,2026-10-07T14:09:36+00:00
1656454,2026-10-07T14:09:36+00:00
1656457,2026-10-07T14:09:36+00:00
1656480,2026-10-07T14:09:36+00:00
1656482,2026-10-07T14:09:36+00:00
1656492,2026-10-07T14:09:36+00:00
1656497,2026-10-07T14:09:36+00:00
1656500,2026-10-07T14:09:36+00:00
1656503,2026-10-07T14:09:36+00:00
1656508,2026-10-07T14:09:36+00:00
1656513,2026-10-07T14:09:36+00:00
1656521,2026-10-07T14:09:36+00:00
1656522,2026-10-07T14:09:36+00:00
1656527,2026-10-07T14:09:36+00:00
1656528,2026-10-07T14:09:36+00:00
1656538,2026-10-07T14:09:36+00:00
1656539,2026-10-07T14:09:36+00:00
1656540,2026-10-07T14:09:36+00:00
1656542,2026-10-07T14:09:36+00:00
1656544,2026-10-07T14:09:36+00:00
1656550,2026-10-07T14:09:36+00:00
1656551,2026-10-07T14:09:36+00:00
1656553,2026-10-07T14:09:36+00:00
1656591,2026-10-07T14:09:36+00:00
1656766,2026-10-07T14:09:36+00:00
1656767,2026-10-07T14:09:36+00:00
1656780,2026-10-07T14:09:36+00:00
1656784,2026-10-07T14:09:36+00:00
1656824,2026-10-07T14:09:36+00:00
1656850,2026-10-07T14:09:36+00:00
1656852,2026-10-07T14:09:36+00:00
1656858,2026-10-07T14:09:36+00:00
1656860,2026-10-07T14:09:36+00:00
1656869,2026-10-07T14:09:36+00:00
1656871,2026-10-07T14:09:36+00:00
1656874,2026-10-07T14:09:36+00:00
1656876,2026-10-07T14:09:36+00:00
1656891,2026-10-07T14:09:36+00:00
1656914,2026-10-07T14:09:36+00:00
1656932,2026-10-07T14:09:36+00:00
1656936,2026-10-07T14:09:36+00:00
1656946,2026-10-07T14:09:36+00:00
1656947,2026-10-07T14:09:36+00:00
1656957,2026-10-07T14:09:36+00:00
1656969,2026-10-07T14:09:36+00:00
1656970,2026-10-07T14:09:36+00:00
1656984,2026-10-07T14:09:36+00:00
1656989,2026-10-07T14:09:36+00:00
1656990,2026-10-07T14:09:36+00:00
1656992,2026-10-07T14:09:36+00:00
1657001,2026-10-07T14:09:36+00:00
1657003,2026-10-07T14:09:36+00:00
1657008,2026-10-07T14:09:36+00:00
1657012,2026-10-07T14:09:36+00:00
1657049,2026-10-07T14:09:36+00:00
1657061,2026-10-07T14:09:36+00:00
1657062,2026-10-07T14:09:36+00:00
1657067,2026-10-07T14:09:36+00:00
1657071,2026-10-07T14:09:36+00:00
1657074,2026-10-07T14:09:36+00:00
1657077,2026-10-07T14:09:36+00:00
1657088,2026-10-07T14:09:36+00:00
1657105,2026-10-07T14:09:36+00:00
1657111,2026-10-07T14:09:36+00:00
1657115,2026-10-07T14:09:36+00:00
1657120,2026-10-07T14:09:36+00:00
1657149,2026-10-07T14:09:36+00:00
1657170,2026-10-07T14:09:36+00:00
1657178,2026-10-07T14:09:36+00:00
1657180,2026-10-07T14:09:36+00:00
1657184,2026-10-07T14:09:36+00:00
1657189,2026-10-07T14:09:36+00:00
1657201,2026-10-07T14:09:36+00:00
1657205,2026-10-07T14:09:36+00:00
1657232,2026-10-07T14:09:36+00:00
1657246,2026-10-07T14:09:36+00:00
1657247,2026-10-07T14:09:36+00:00
1657251,2026-10-07T14:09:36+00:00
1657253,2026-10-07T14:09:36+00:00
1657256,2026-10-07T14:09:36+00:00
1657264,2026-10-07T14:09:36+00:00
1657269,2026-10-07T14:09:36+00:00
1657270,2026-10-07T14:09:36+00:00
1657464,2026-10-07T14:09:36+00:00
1657483,2026-10-07T14:09:36+00:00
1657490,2026-10-07T14:09:36+00:00
1657528,2026-10-07T14:09:36+00:00
1657532,2026-10-07T14:09:36+00:00
1657576,2026-10-07T14:09:36+00:00
1657579,2026-10-07T14:09:36+00:00
1657594,2026-10-07T14:09:36+00:00
1657597,2026-10-07T14:09:36+00:00
1657600,2026-10-07T14:09:36+00:00
1657602,2026-10-07T14:09:36+00:00
1657603,2026-10-07T14:09:36+00:00
1657610,2026-10-07T14:09:36+00:00
1657614,2026-10-07T14:09:36+00:00
1657628,2026-10-07T14:09:36+00:00
1657630,2026-10-07T14:09:36+00:00
1657632,2026-10-07T14:09:36+00:00
1657640,2026-10-07T14:09:36+00:00
1657647,2026-10-07T14:09:36+00:00
1657682,2026-10-07T14:09:36+00:00
1657692,2026-10-07T14:09:36+00:00
1657694,2026-10-07T14:09:36+00:00
1657728,2026-10-07T14:09:36+00:00
1657755,2026-10-07T14:09:36+00:00
1657756,2026-10-07T14:09:36+00:00
1657759,2026-10-07T14:09:36+00:00
1657766,2026-10-07T14:09:36+00:00
1657769,2026-10-07T14:09:36+00:00
1657782,2026-10-07T14:09:36+00:00
1657789,2026-10-07T14:09:36+00:00
1657798,2026-10-07T14:09:36+00:00
1657800,2026-10-07T14:09:36+00:00
1657817,2026-10-07T14:09:36+00:00
1657820,2026-10-07T14:09:36+00:00
1657861,2026-10-07T14:09:36+00:00
1657881,2026-10-07T14:09:36+00:00
1657884,2026-10-07T14:09:36+00:00
1657891,2026-10-07T14:09:36+00:00
1657892,2026-10-07T14:09:36+00:00
1657910,2026-10-07T14:09:36+00:00
1657929,2026-10-07T14:09:36+00:00
1657932,2026-10-07T14:09:36+00:00
1657938,2026-10-07T14:09:36+00:00
1657947,2026-10-07T14:09:36+00:00
1658119,2026-10-07T14:09:36+00:00
1658121,2026-10-07T14:09:36+00:00
1658168,2026-10-07T14:09:36+00:00
1658170,2026-10-07T14:09:36+00:00
1658178,2026-10-07T14:09:36+00:00
1658181,2026-10-07T14:09:36+00:00
1658188,2026-10-07T14:09:36+00:00
1658200,2026-10-07T14:09:36+00:00
1658206,2026-10-07T14:09:36+00:00
1658219,2026-10-07T14:09:36+00:00
1658240,2026-10-07T14:09:36+00:00
1658242,2026-10-07T14:09:36+00:00
1658252,2026-10-07T14:09:36+00:00
1658263,2026-10-07T14:09:36+00:00
1658278,2026-10-07T14:09:36+00:00
1658280,2026-10-07T14:09:36+00:00
1658286,2026-10-07T14:09:36+00:00
1658305,2026-10-07T14:09:36+00:00
1658311,2026-10-07T14:09:36+00:00
1658315,2026-10-07T14:09:36+00:00
1658320,2026-10-07T14:09:36+00:00
1658322,2026-10-07T14:09:36+00:00
1658325,2026-10-07T14:09:36+00:00
1658328,2026-10-07T14:09:36+00:00
1658332,2026-10-07T14:09:36+00:00
1658336,2026-10-07T14:09:36+00:00
1658347,2026-10-07T14:09:36+00:00
1658356,2026-10-07T14:09:36+00:00
1658359,2026-10-07T14:09:36+00:00
1658366,2026-10-07T14:09:36+00:00
1658386,2026-10-07T14:09:36+00:00
1658389,2026-10-07T14:09:36+00:00
1658420,2026-10-07T14:09:36+00:00
1658427,2026-10-07T14:09:36+00:00
1658429,2026-10-07T14:09:36+00:00
1658439,2026-10-07T14:09:36+00:00
1658453,2026-10-07T14:09:36+00:00
1658461,2026-10-07T14:09:36+00:00
1658466,2026-10-07T14:09:36+00:00
1658468,2026-10-07T14:09:36+00:00
1658469,2026-10-07T14:09:36+00:00
1658637,2026-10-07T14:09:36+00:00
1658638,2026-10-07T14:09:36+00:00
1658640,2026-10-07T14:09:36+00:00
1658641,2026-10-07T14:09:36+00:00
1658642,2026-10-07T14:09:36+00:00
1658649,2026-10-07T14:09:36+00:00
1658663,2026-10-07T14:09:36+00:00
1658674,2026-10-07T14:09:36+00:00
1658681,2026-10-07T14:09:36+00:00
1658685,2026-10-07T14:09:36+00:00
1658688,2026-10-07T14:09:36+00:00
1658689,2026-10-07T14:09:36+00:00
1658712,2026-10-07T14:09:36+00:00
1658723,2026-10-07T14:09:36+00:00
1658743,2026-10-07T14:09:36+00:00
1658753,2026-10-07T14:09:36+00:00
1658755,2026-10-07T14:09:36+00:00
1658759,2026-10-07T14:09:36+00:00
1658773,2026-10-07T14:09:36+00:00
1658783,2026-10-07T14:09:36+00:00
1658859,2026-10-07T14:09:36+00:00
1658871,2026-10-07T14:09:36+00:00
1658876,2026-10-07T14:09:36+00:00
1658885,2026-10-07T14:09:36+00:00
1658886,2026-10-07T14:09:36+00:00
1658887,2026-10-07T14:09:36+00:00
1658889,2026-10-07T14:09:36+00:00
1658893,2026-10-07T14:09:36+00:00
1658895,2026-10-07T14:09:36+00:00
1658897,2026-10-07T14:09:36+00:00
1658898,2026-10-07T14:09:36+00:00
1658901,2026-10-07T14:09:36+00:00
1658909,2026-10-07T14:09:36+00:00
1658915,2026-10-07T14:09:36+00:00
1658916,2026-10-07T14:09:36+00:00
1658930,2026-10-07T14:09:36+00:00
1658936,2026-10-07T14:09:36+00:00
1658956,2026-10-07T14:09:36+00:00
1658968,2026-10-07T14:09:36+00:00
1658970,2026-10-07T14:09:36+00:00
1658971,2026-10-07T14:09:36+00:00
1658972,2026-10-07T14:09:36+00:00
1658974,2026-10-07T14:09:36+00:00
1658978,2026-10-07T14:09:36+00:00
1658980,2026-10-07T14:09:36+00:00
1658987,2026-10-07T14:09:36+00:00
1658990,2026-10-07T14:09:36+00:00
1658997,2026-10-07T14:09:36+00:00
1659004,2026-10-07T14:09:36+00:00
1659006,2026-10-07T14:09:36+00:00
1659029,2026-10-07T14:09:36+00:00
1659043,2026-10-07T14:09:36+00:00
1659057,2026-10-07T14:09:36+00:00
1659059,2026-10-07T14:09:36+00:00
1659064,2026-10-07T14:09:36+00:00
1659066,2026-10-07T14:09:36+00:00
1659068,2026-10-07T14:09:36+00:00
1659069,2026-10-07T14:09:36+00:00
1659213,2026-10-07T14:09:36+00:00
1659215,2026-10-07T14:09:36+00:00
1659219,2026-10-07T14:09:36+00:00
1659225,2026-10-07T14:09:36+00:00
1659252,2026-10-07T14:09:36+00:00
1659258,2026-10-07T14:09:36+00:00
1659259,2026-10-07T14:09:36+00:00
1659260,2026-10-07T14:09:36+00:00
1659261,2026-10-07T14:09:36+00:00
1659263,2026-10-07T14:09:36+00:00
1659264,2026-10-07T14:09:36+00:00
1659265,2026-10-07T14:09:36+00:00
1659266,2026-10-07T14:09:36+00:00
1659276,2026-10-07T14:09:36+00:00
1659292,2026-10-07T14:09:36+00:00
1659295,2026-10-07T14:09:36+00:00
1659304,2026-10-07T14:09:36+00:00
1659316,2026-10-07T14:09:36+00:00
1659339,2026-10-07T14:09:36+00:00
1659359,2026-10-07T14:09:36+00:00
1659369,2026-10-07T14:09:36+00:00
1659371,2026-10-07T14:09:36+00:00
1659384,2026-10-07T14:09:36+00:00
1659400,2026-10-07T14:09:36+00:00
1659403,2026-10-07T14:09:36+00:00
1659407,2026-10-07T14:09:36+00:00
1659408,2026-10-07T14:09:36+00:00
1659411,2026-10-07T14:09:36+00:00
1659412,2026-10-07T14:09:36+00:00
1659416,2026-10-07T14:09:36+00:00
1659422,2026-10-07T14:09:36+00:00
1659431,2026-10-07T14:09:36+00:00
1659434,2026-10-07T14:09:36+00:00
1659461,2026-10-07T14:09:36+00:00
1659488,2026-10-07T14:09:36+00:00
1659489,2026-10-07T14:09:36+00:00
1659493,2026-10-07T14:09:36+00:00
1659495,2026-10-07T14:09:36+00:00
1659497,2026-10-07T14:09:36+00:00
1659499,2026-10-07T14:09:36+00:00
1659506,2026-10-07T14:09:36+00:00
1659509,2026-10-07T14:09:36+00:00
1659545,2026-10-07T14:09:36+00:00
1659548,2026-10-07T14:09:36+00:00
1659577,2026-10-07T14:09:36+00:00
1659580,2026-10-07T14:09:36+00:00
1659601,2026-10-07T14:09:36+00:00
1659602,2026-10-07T14:09:36+00:00
1659604,2026-10-07T14:09:36+00:00
1659610,2026-10-07T14:09:36+00:00
1659619,2026-10-07T14:09:36+00:00
1659622,2026-10-07T14:09:36+00:00
1659629,2026-10-07T14:09:36+00:00
1659642,2026-10-07T14:09:36+00:00
1659646,2026-10-07T14:09:36+00:00
1659650,2026-10-07T14:09:36+00:00
1659652,2026-10-07T14:09:36+00:00
1659658,2026-10-07T14:09:36+00:00
1659659,2026-10-07T14:09:36+00:00
1659664,2026-10-07T14:09:36+00:00
1659665,2026-10-07T14:09:36+00:00
1659669,2026-10-07T14:09:36+00:00
1659673,2026-10-07T14:09:36+00:00
1659676,2026-10-07T14:09:36+00:00
1659681,2026-10-07T14:09:36+00:00
1659687,2026-10-07T14:09:36+00:00
1659696,2026-10-07T14:09:36+00:00
1659702,2026-10-07T14:09:36+00:00
1659706,2026-10-07T14:09:36+00:00
1659715,2026-10-07T14:09:36+00:00
1659717,2026-10-07T14:09:36+00:00
1659720,2026-10-07T14:09:36+00:00
1659721,2026-10-07T14:09:36+00:00
1659727,2026-10-07T14:09:36+00:00
1659733,2026-10-07T14:09:36+00:00
1659735,2026-10-07T14:09:36+00:00
1659739,2026-10-07T14:09:36+00:00
1659743,2026-10-07T14:09:36+00:00
1659746,2026-10-07T14:09:36+00:00
1659750,2026-10-07T14:09:36+00:00
1659762,2026-10-07T14:09:36+00:00
1659765,2026-10-07T14:09:36+00:00
1659767,2026-10-07T14:09:36+00:00
1659785,2026-10-07T14:09:36+00:00
1659973,2026-10-07T14:09:36+00:00
1659975,2026-10-07T14:09:36+00:00
1659988,2026-10-07T14:09:36+00:00
1659994,2026-10-07T14:09:36+00:00
1660002,2026-10-07T14:09:36+00:00
1660018,2026-10-07T14:09:36+00:00
1660030,2026-10-07T14:09:36+00:00
1660036,2026-10-07T14:09:36+00:00
1660043,2026-10-07T14:09:36+00:00
1660046,2026-10-07T14:09:36+00:00
1660048,2026-10-07T14:09:36+00:00
1660053,2026-10-07T14:09:36+00:00
1660067,2026-10-07T14:09:36+00:00
1660087,2026-10-07T14:09:36+00:00
1660106,2026-10-07T14:09:36+00:00
1660123,2026-10-07T14:09:36+00:00
1660126,2026-10-07T14:09:36+00:00
1660131,2026-10-07T14:09:36+00:00
1660134,2026-10-07T14:09:36+00:00
1660140,2026-10-07T14:09:36+00:00
1660143,2026-10-07T14:09:36+00:00
1660144,2026-10-07T14:09:36+00:00
1660153,2026-10-07T14:09:36+00:00
1660158,2026-10-07T14:09:36+00:00
1660161,2026-10-07T14:09:36+00:00
1660166,2026-10-07T14:09:36+00:00
1660177,2026-10-07T14:09:36+00:00
1660188,2026-10-07T14:09:36+00:00
1660193,2026-10-07T14:09:36+00:00
1660197,2026-10-07T14:09:36+00:00
1660203,2026-10-07T14:09:36+00:00
1660208,2026-10-07T14:09:36+00:00
1660215,2026-10-07T14:09:36+00:00
1660221,2026-10-07T14:09:36+00:00
1660233,2026-10-07T14:09:36+00:00
1660250,2026-10-07T14:09:36+00:00
1660252,2026-10-07T14:09:36+00:00
1660255,2026-10-07T14:09:36+00:00
1660264,2026-10-07T14:09:36+00:00
1660280,2026-10-07T14:09:36+00:00
1660284,2026-10-07T14:09:36+00:00
1660299,2026-10-07T14:09:36+00:00
1660314,2026-10-07T14:09:36+00:00
1660329,2026-10-07T14:09:36+00:00
1660341,2026-10-07T14:09:36+00:00
1660346,2026-10-07T14:09:36+00:00
1660356,2026-10-07T14:09:36+00:00
1660358,2026-10-07T14:09:36+00:00
1660373,2026-10-07T14:09:36+00:00
1660374,2026-10-07T14:09:36+00:00
1660378,2026-10-07T14:09:36+00:00
1660383,2026-10-07T14:09:36+00:00
1660396,2026-10-07T14:09:36+00:00
1660398,2026-10-07T14:09:36+00:00
1660418,2026-10-07T14:09:36+00:00
1660424,2026-10-07T14:09:36+00:00
1660426,2026-10-07T14:09:36+00:00
1660588,2026-10-07T14:09:36+00:00
1660597,2026-10-07T14:09:36+00:00
1660617,2026-10-07T14:09:36+00:00
1660622,2026-10-07T14:09:36+00:00
1660645,2026-10-07T14:09:36+00:00
1660648,2026-10-07T14:09:36+00:00
1660653,2026-10-07T14:09:36+00:00
1660654,2026-10-07T14:09:36+00:00
1660656,2026-10-07T14:09:36+00:00
1660659,2026-10-07T14:09:36+00:00
1660666,2026-10-07T14:09:36+00:00
1660671,2026-10-07T14:09:36+00:00
1660674,2026-10-07T14:09:36+00:00
1660676,2026-10-07T14:09:36+00:00
1660679,2026-10-07T14:09:36+00:00
1660686,2026-10-07T14:09:36+00:00
1660689,2026-10-07T14:09:36+00:00
1660694,2026-10-07T14:09:36+00:00
1660710,2026-10-07T14:09:36+00:00
1660712,2026-10-07T14:09:36+00:00
1660714,2026-10-07T14:09:36+00:00
1660717,2026-10-07T14:09:36+00:00
1660718,2026-10-07T14:09:36+00:00
1660727,2026-10-07T14:09:36+00:00
1660729,2026-10-07T14:09:36+00:00
1660732,2026-10-07T14:09:36+00:00
1660733,2026-10-07T14:09:36+00:00
1660746,2026-10-07T14:09:36+00:00
1660773,2026-10-07T14:09:36+00:00
1660774,2026-10-07T14:09:36+00:00
1660777,2026-10-07T14:09:36+00:00
1660790,2026-10-07T14:09:36+00:00
1660798,2026-10-07T14:09:36+00:00
1660801,2026-10-07T14:09:36+00:00
1660802,2026-10-07T14:09:36+00:00
1660813,2026-10-07T14:09:36+00:00
1660816,2026-10-07T14:09:36+00:00
1660824,2026-10-07T14:09:36+00:00
1660844,2026-10-07T14:09:36+00:00
1660848,2026-10-07T14:09:36+00:00
1660866,2026-10-07T14:09:36+00:00
1660870,2026-10-07T14:09:36+00:00
1660897,2026-10-07T14:09:36+00:00
1660898,2026-10-07T14:09:36+00:00
1660905,2026-10-07T14:09:36+00:00
1660914,2026-10-07T14:09:36+00:00
1660917,2026-10-07T14:09:36+00:00
1660928,2026-10-07T14:09:36+00:00
1660933,2026-10-07T14:09:36+00:00
1660938,2026-10-07T14:09:36+00:00
1660958,2026-10-07T14:09:36+00:00
1660960,2026-10-07T14:09:36+00:00
1660961,2026-10-07T14:09:36+00:00
1660966,2026-10-07T14:09:36+00:00
1660967,2026-10-07T14:09:36+00:00
1660972,2026-10-07T14:09:36+00:00
1661106,2026-10-07T14:09:36+00:00
1661113,2026-10-07T14:09:36+00:00
1661119,2026-10-07T14:09:36+00:00
1661121,2026-10-07T14:09:36+00:00
1661129,2026-10-07T14:09:36+00:00
1661131,2026-10-07T14:09:36+00:00
1661139,2026-10-07T14:09:36+00:00
1661141,2026-10-07T14:09:36+00:00
1661144,2026-10-07T14:09:36+00:00
1661146,2026-10-07T14:09:36+00:00
1661150,2026-10-07T14:09:36+00:00
1661163,2026-10-07T14:09:36+00:00
1661175,2026-10-07T14:09:36+00:00
1661190,2026-10-07T14:09:36+00:00
1661191,2026-10-07T14:09:36+00:00
1661192,2026-10-07T14:09:36+00:00
1661193,2026-10-07T14:09:36+00:00
1661196,2026-10-07T14:09:36+00:00
1661203,2026-10-07T14:09:36+00:00
1661206,2026-10-07T14:09:36+00:00
1661210,2026-10-07T14:09:36+00:00
1661211,2026-10-07T14:09:36+00:00
1661212,2026-10-07T14:09:36+00:00
1661215,2026-10-07T14:09:36+00:00
1661224,2026-10-07T14:09:36+00:00
1661237,2026-10-07T14:09:36+00:00
1661245,2026-10-07T14:09:36+00:00
1661249,2026-10-07T14:09:36+00:00
1661269,2026-10-07T14:09:36+00:00
1661283,2026-10-07T14:09:36+00:00
1661285,2026-10-07T14:09:36+00:00
1661292,2026-10-07T14:09:36+00:00
1661299,2026-10-07T14:09:36+00:00
1661301,2026-10-07T14:09:36+00:00
1661334,2026-10-07T14:09:36+00:00
1661337,2026-10-07T14:09:36+00:00
1661341,2026-10-07T14:09:36+00:00
1661342,2026-10-07T14:09:36+00:00
1661356,2026-10-07T14:09:36+00:00
1661360,2026-10-07T14:09:36+00:00
1661363,2026-10-07T14:09:36+00:00
1661376,2026-10-07T14:09:36+00:00
1661378,2026-10-07T14:09:36+00:00
1661380,2026-10-07T14:09:36+00:00
1661383,2026-10-07T14:09:36+00:00
1661384,2026-10-07T14:09:36+00:00
1661392,2026-10-07T14:09:36+00:00
1661393,2026-10-07T14:09:36+00:00
1661402,2026-10-07T14:09:36+00:00
1661405,2026-10-07T14:09:36+00:00
1661408,2026-10-07T14:09:36+00:00
1661422,2026-10-07T14:09:36+00:00
1661423,2026-10-07T14:09:36+00:00
1661430,2026-10-07T14:09:36+00:00
1661446,2026-10-07T14:09:36+00:00
1661449,2026-10-07T14:09:36+00:00
1661450,2026-10-07T14:09:36+00:00
1661453,2026-10-07T14:09:36+00:00
1661456,2026-10-07T14:09:36+00:00
1661466,2026-10-07T14:09:36+00:00
1661467,2026-10-07T14:09:36+00:00
1661475,2026-10-07T14:09:36+00:00
1661479,2026-10-07T14:09:36+00:00
1661487,2026-10-07T14:09:36+00:00
1661488,2026-10-07T14:09:36+00:00
1661621,2026-10-07T14:09:36+00:00
1661652,2026-10-07T14:09:36+00:00
1661653,2026-10-07T14:09:36+00:00
1661667,2026-10-07T14:09:36+00:00
1661672,2026-10-07T14:09:36+00:00
1661675,2026-10-07T14:09:36+00:00
1661688,2026-10-07T14:09:36+00:00
1661693,2026-10-07T14:09:36+00:00
1661715,2026-10-07T14:09:36+00:00
1661717,2026-10-07T14:09:36+00:00
1661723,2026-10-07T14:09:36+00:00
1661728,2026-10-07T14:09:36+00:00
1661739,2026-10-07T14:09:36+00:00
1661742,2026-10-07T14:09:36+00:00
1661745,2026-10-07T14:09:36+00:00
1661763,2026-10-07T14:09:36+00:00
1661764,2026-10-07T14:09:36+00:00
1661766,2026-10-07T14:09:36+00:00
1661769,2026-10-07T14:09:36+00:00
1661773,2026-10-07T14:09:36+00:00
1661774,2026-10-07T14:09:36+00:00
1661785,2026-10-07T14:09:36+00:00
1661786,2026-10-07T14:09:36+00:00
1661787,2026-10-07T14:09:36+00:00
1661790,2026-10-07T14:09:36+00:00
1661797,2026-10-07T14:09:36+00:00
1661811,2026-10-07T14:09:36+00:00
1661831,2026-10-07T14:09:36+00:00
1661844,2026-10-07T14:09:36+00:00
1661845,2026-10-07T14:09:36+00:00
1661846,2026-10-07T14:09:36+00:00
1661848,2026-10-07T14:09:36+00:00
1661857,2026-10-07T14:09:36+00:00
1661864,2026-10-07T14:09:36+00:00
1661865,2026-10-07T14:09:36+00:00
1661873,2026-10-07T14:09:36+00:00
1661874,2026-10-07T14:09:36+00:00
1661892,2026-10-07T14:09:36+00:00
1661906,2026-10-07T14:09:36+00:00
1661921,2026-10-07T14:09:36+00:00
1661930,2026-10-07T14:09:36+00:00
1661931,2026-10-07T14:09:36+00:00
1661932,2026-10-07T14:09:36+00:00
1661937,2026-10-07T14:09:36+00:00
1661941,2026-10-07T14:09:36+00:00
1661943,2026-10-07T14:09:36+00:00
1661949,2026-10-07T14:09:36+00:00
1661952,2026-10-07T14:09:36+00:00
1661964,2026-10-07T14:09:36+00:00
1661971,2026-10-07T14:09:36+00:00
1661975,2026-10-07T14:09:36+00:00
1661987,2026-10-07T14:09:36+00:00
1661991,2026-10-07T14:09:36+00:00
1661996,2026-10-07T14:09:36+00:00
1662005,2026-10-07T14:09:36+00:00
1662006,2026-10-07T14:09:36+00:00
1662015,2026-10-07T14:09:36+00:00
1662023,2026-10-07T14:09:36+00:00
1662024,2026-10-07T14:09:36+00:00
1662027,2026-10-07T14:09:36+00:00
1662041,2026-10-07T14:09:36+00:00
1662043,2026-10-07T14:09:36+00:00
1662047,2026-10-07T14:09:36+00:00
1662050,2026-10-07T14:09:36+00:00
1662051,2026-10-07T14:09:36+00:00
1662058,2026-10-07T14:09:36+00:00
1662065,2026-10-07T14:09:36+00:00
1662074,2026-10-07T14:09:36+00:00
1662076,2026-10-07T14:09:36+00:00
1662078,2026-10-07T14:09:36+00:00
1662088,2026-10-07T14:09:36+00:00
1662093,2026-10-07T14:09:36+00:00
1662097,2026-10-07T14:09:36+00:00
1662231,2026-10-07T14:09:36+00:00
1662232,2026-10-07T14:09:36+00:00
1662245,2026-10-07T14:09:36+00:00
1662246,2026-10-07T14:09:36+00:00
1662247,2026-10-07T14:09:36+00:00
1662252,2026-10-07T14:09:36+00:00
1662253,2026-10-07T14:09:36+00:00
1662286,2026-10-07T14:09:36+00:00
1662288,2026-10-07T14:09:36+00:00
1662295,2026-10-07T14:09:36+00:00
1662296,2026-10-07T14:09:36+00:00
1662303,2026-10-07T14:09:36+00:00
1662310,2026-10-07T14:09:36+00:00
1662315,2026-10-07T14:09:36+00:00
1662319,2026-10-07T14:09:36+00:00
1662328,2026-10-07T14:09:36+00:00
1662336,2026-10-07T14:09:36+00:00
1662346,2026-10-07T14:09:36+00:00
1662347,2026-10-07T14:09:36+00:00
1662369,2026-10-07T14:09:36+00:00
1662373,2026-10-07T14:09:36+00:00
1662383,2026-10-07T14:09:36+00:00
1662390,2026-10-07T14:09:36+00:00
1662391,2026-10-07T14:09:36+00:00
1662393,2026-10-07T14:09:36+00:00
1662395,2026-10-07T14:09:36+00:00
1662408,2026-10-07T14:09:36+00:00
1662411,2026-10-07T14:09:36+00:00
1662426,2026-10-07T14:09:36+00:00
1662429,2026-10-07T14:09:36+00:00
1662445,2026-10-07T14:09:36+00:00
1662446,2026-10-07T14:09:36+00:00
1662449,2026-10-07T14:09:36+00:00
1662453,2026-10-07T14:09:36+00:00
1662456,2026-10-07T14:09:36+00:00
1662457,2026-10-07T14:09:36+00:00
1662459,2026-10-07T14:09:36+00:00
1662468,2026-10-07T14:09:36+00:00
1662470,2026-10-07T14:09:36+00:00
1662471,2026-10-07T14:09:36+00:00
1662477,2026-10-07T14:09:36+00:00
1662480,2026-10-07T14:09:36+00:00
1662484,2026-10-07T14:09:36+00:00
1662491,2026-10-07T14:09:36+00:00
1662496,2026-10-07T14:09:36+00:00
1662497,2026-10-07T14:09:36+00:00
1662535,2026-10-07T14:09:36+00:00
1662538,2026-10-07T14:09:36+00:00
1662539,2026-10-07T14:09:36+00:00
1662546,2026-10-07T14:09:36+00:00
1662550,2026-10-07T14:09:36+00:00
1662556,2026-10-07T14:09:36+00:00
1662557,2026-10-07T14:09:36+00:00
1662560,2026-10-07T14:09:36+00:00
1662563,2026-10-07T14:09:36+00:00
1662568,2026-10-07T14:09:36+00:00
1662571,2026-10-07T14:09:36+00:00
1662578,2026-10-07T14:09:36+00:00
1662585,2026-10-07T14:09:36+00:00
1662586,2026-10-07T14:09:36+00:00
1662597,2026-10-07T14:09:36+00:00
1662598,2026-10-07T14:09:36+00:00
1662599,2026-10-07T14:09:36+00:00
1662600,2026-10-07T14:09:36+00:00
1662607,2026-10-07T14:09:36+00:00
1662610,2026-10-07T14:09:36+00:00
1662611,2026-10-07T14:09:36+00:00
1662613,2026-10-07T14:09:36+00:00
1662621,2026-10-07T14:09:36+00:00
1662625,2026-10-07T14:09:36+00:00
1662635,2026-10-07T14:09:36+00:00
1662639,2026-10-07T14:09:36+00:00
1662645,2026-10-07T14:09:36+00:00
1662656,2026-10-07T14:09:36+00:00
1662662,2026-10-07T14:09:36+00:00
1662663,2026-10-07T14:09:36+00:00
1662672,2026-10-07T14:09:36+00:00
1662688,2026-10-07T14:09:36+00:00
1662859,2026-10-07T14:09:36+00:00
1662862,2026-10-07T14:09:36+00:00
1662869,2026-10-07T14:09:36+00:00
1662883,2026-10-07T14:09:36+00:00
1662889,2026-10-07T14:09:36+00:00
1662904,2026-10-07T14:09:36+00:00
1662905,2026-10-07T14:09:36+00:00
1662910,2026-10-07T14:09:36+00:00
1662913,2026-10-07T14:09:36+00:00
1662916,2026-10-07T14:09:36+00:00
1662917,2026-10-07T14:09:36+00:00
1662918,2026-10-07T14:09:36+00:00
1662923,2026-10-07T14:09:36+00:00
1662926,2026-10-07T14:09:36+00:00
1662930,2026-10-07T14:09:36+00:00
1662932,2026-10-07T14:09:36+00:00
1662952,2026-10-07T14:09:36+00:00
1662968,2026-10-07T14:09:36+00:00
1662974,2026-10-07T14:09:36+00:00
1662975,2026-10-07T14:09:36+00:00
1662978,2026-10-07T14:09:36+00:00
1662981,2026-10-07T14:09:36+00:00
1662982,2026-10-07T14:09:36+00:00
1662990,2026-10-07T14:09:36+00:00
1663009,2026-10-07T14:09:36+00:00
1663012,2026-10-07T14:09:36+00:00
1663021,2026-10-07T14:09:36+00:00
1663024,2026-10-07T14:09:36+00:00
1663027,2026-10-07T14:09:36+00:00
1663032,2026-10-07T14:09:36+00:00
1663035,2026-10-07T14:09:36+00:00
1663038,2026-10-07T14:09:36+00:00
1663044,2026-10-07T14:09:36+00:00
1663052,2026-10-07T14:09:36+00:00
1663053,2026-10-07T14:09:36+00:00
1663060,2026-10-07T14:09:36+00:00
1663063,2026-10-07T14:09:36+00:00
1663069,2026-10-07T14:09:36+00:00
1663073,2026-10-07T14:09:36+00:00
1663074,2026-10-07T14:09:36+00:00
1663084,2026-10-07T14:09:36+00:00
1663102,2026-10-07T14:09:36+00:00
1663130,2026-10-07T14:09:36+00:00
1663138,2026-10-07T14:09:36+00:00
1663141,2026-10-07T14:09:36+00:00
1663162,2026-10-07T14:09:36+00:00
1663167,2026-10-07T14:09:36+00:00
1663168,2026-10-07T14:09:36+00:00
1663170,2026-10-07T14:09:36+00:00
1663172,2026-10-07T14:09:36+00:00
1663173,2026-10-07T14:09:36+00:00
1663179,2026-10-07T14:09:36+00:00
1663188,2026-10-07T14:09:36+00:00
1663196,2026-10-07T14:09:36+00:00
1663197,2026-10-07T14:09:36+00:00
1663208,2026-10-07T14:09:36+00:00
1663211,2026-10-07T14:09:36+00:00
1663224,2026-10-07T14:09:36+00:00
1663233,2026-10-07T14:09:36+00:00
1663236,2026-10-07T14:09:36+00:00
1663244,2026-10-07T14:09:36+00:00
1663253,2026-10-07T14:09:36+00:00
1663255,2026-10-07T14:09:36+00:00
1663256,2026-10-07T14:09:36+00:00
1663258,2026-10-07T14:09:36+00:00
1663259,2026-10-07T14:09:36+00:00
1663261,2026-10-07T14:09:36+00:00
1663272,2026-10-07T14:09:36+00:00
1663276,2026-10-07T14:09:36+00:00
1663388,2026-10-07T14:09:36+00:00
1663397,2026-10-07T14:09:36+00:00
1663401,2026-10-07T14:09:36+00:00
1663409,2026-10-07T14:09:36+00:00
1663416,2026-10-07T14:09:36+00:00
1663423,2026-10-07T14:09:36+00:00
1663430,2026-10-07T14:09:36+00:00
1663437,2026-10-07T14:09:36+00:00
1663449,2026-10-07T14:09:36+00:00
1663450,2026-10-07T14:09:36+00:00
1663458,2026-10-07T14:09:36+00:00
1663464,2026-10-07T14:09:36+00:00
1663471,2026-10-07T14:09:36+00:00
1663487,2026-10-07T14:09:36+00:00
1663488,2026-10-07T14:09:36+00:00
1663494,2026-10-07T14:09:36+00:00
1663501,2026-10-07T14:09:36+00:00
1663505,2026-10-07T14:09:36+00:00
1663521,2026-10-07T14:09:36+00:00
1663526,2026-10-07T14:09:36+00:00
1663530,2026-10-07T14:09:36+00:00
1663558,2026-10-07T14:09:36+00:00
1663560,2026-10-07T14:09:36+00:00
1663568,2026-10-07T14:09:36+00:00
1663578,2026-10-07T14:09:36+00:00
1663581,2026-10-07T14:09:36+00:00
1663602,2026-10-07T14:09:36+00:00
1663609,2026-10-07T14:09:36+00:00
1663611,2026-10-07T14:09:36+00:00
1663613,2026-10-07T14:09:36+00:00
1663615,2026-10-07T14:09:36+00:00
1663617,2026-10-07T14:09:36+00:00
1663618,2026-10-07T14:09:36+00:00
1663619,2026-10-07T14:09:36+00:00
1663623,2026-10-07T14:09:36+00:00
1663634,2026-10-07T14:09:36+00:00
1663635,2026-10-07T14:09:36+00:00
1663636,2026-10-07T14:09:36+00:00
1663637,2026-10-07T14:09:36+00:00
1663638,2026-10-07T14:09:36+00:00
1663651,2026-10-07T14:09:36+00:00
1663653,2026-10-07T14:09:36+00:00
1663663,2026-10-07T14:09:36+00:00
1663675,2026-10-07T14:09:36+00:00
1663677,2026-10-07T14:09:36+00:00
1663679,2026-10-07T14:09:36+00:00
1663681,2026-10-07T14:09:36+00:00
1663685,2026-10-07T14:09:36+00:00
1663688,2026-10-07T14:09:36+00:00
1663700,2026-10-07T14:09:36+00:00
1663714,2026-10-07T14:09:36+00:00
1663722,2026-10-07T14:09:36+00:00
1663726,2026-10-07T14:09:36+00:00
1663733,2026-10-07T14:09:36+00:00
1663737,2026-10-07T14:09:36+00:00
1663762,2026-10-07T14:09:36+00:00
1663765,2026-10-07T14:09:36+00:00
1663772,2026-10-07T14:09:36+00:00
1663775,2026-10-07T14:09:36+00:00
1663785,2026-10-07T14:09:36+00:00
1663789,2026-10-07T14:09:36+00:00
1663790,2026-10-07T14:09:36+00:00
1663800,2026-10-07T14:09:36+00:00
1663807,2026-10-07T14:09:36+00:00
1663922,2026-10-07T14:09:36+00:00
1663930,2026-10-07T14:09:36+00:00
1663943,2026-10-07T14:09:36+00:00
1663949,2026-10-07T14:09:36+00:00
1663951,2026-10-07T14:09:36+00:00
1663956,2026-10-07T14:09:36+00:00
1663962,2026-10-07T14:09:36+00:00
1663964,2026-10-07T14:09:36+00:00
1663967,2026-10-07T14:09:36+00:00
1663969,2026-10-07T14:09:36+00:00
1663984,2026-10-07T14:09:36+00:00
1664004,2026-10-07T14:09:36+00:00
1664036,2026-10-07T14:09:36+00:00
1664051,2026-10-07T14:09:36+00:00
1664059,2026-10-07T14:09:36+00:00
1664060,2026-10-07T14:09:36+00:00
1664077,2026-10-07T14:09:36+00:00
1664078,2026-10-07T14:09:36+00:00
1664083,2026-10-07T14:09:36+00:00
1664084,2026-10-07T14:09:36+00:00
1664089,2026-10-07T14:09:36+00:00
1664091,2026-10-07T14:09:36+00:00
1664094,2026-10-07T14:09:36+00:00
1664096,2026-10-07T14:09:36+00:00
1664099,2026-10-07T14:09:36+00:00
1664107,2026-10-07T14:09:36+00:00
1664108,2026-10-07T14:09:36+00:00
1664109,2026-10-07T14:09:36+00:00
1664111,2026-10-07T14:09:36+00:00
1664114,2026-10-07T14:09:36+00:00
1664117,2026-10-07T14:09:36+00:00
1664135,2026-10-07T14:09:36+00:00
1664159,2026-10-07T14:09:36+00:00
1664161,2026-10-07T14:09:36+00:00
1664169,2026-10-07T14:09:36+00:00
1664174,2026-10-07T14:09:36+00:00
1664182,2026-10-07T14:09:36+00:00
1664186,2026-10-07T14:09:36+00:00
1664195,2026-10-07T14:09:36+00:00
1664201,2026-10-07T14:09:36+00:00
1664208,2026-10-07T14:09:36+00:00
1664218,2026-10-07T14:09:36+00:00
1664225,2026-10-07T14:09:36+00:00
1664226,2026-10-07T14:09:36+00:00
1664227,2026-10-07T14:09:36+00:00
1664238,2026-10-07T14:09:36+00:00
1664245,2026-10-07T14:09:36+00:00
1664250,2026-10-07T14:09:36+00:00
1664255,2026-10-07T14:09:36+00:00
1664262,2026-10-07T14:09:36+00:00
1664267,2026-10-07T14:09:36+00:00
1664269,2026-10-07T14:09:36+00:00
1664271,2026-10-07T14:09:36+00:00
1664272,2026-10-07T14:09:36+00:00
1664276,2026-10-07T14:09:36+00:00
1664277,2026-10-07T14:09:36+00:00
1664279,2026-10-07T14:09:36+00:00
1664280,2026-10-07T14:09:36+00:00
1664284,2026-10-07T14:09:36+00:00
1664302,2026-10-07T14:09:36+00:00
1664321,2026-10-07T14:09:36+00:00
1664324,2026-10-07T14:09:36+00:00
1664328,2026-10-07T14:09:36+00:00
1664329,2026-10-07T14:09:36+00:00
1664330,2026-10-07T14:09:36+00:00
1664460,2026-10-07T14:09:36+00:00
1664462,2026-10-07T14:09:36+00:00
1664463,2026-10-07T14:09:36+00:00
1664464,2026-10-07T14:09:36+00:00
1664465,2026-10-07T14:09:36+00:00
1664476,2026-10-07T14:09:36+00:00
1664478,2026-10-07T14:09:36+00:00
1664479,2026-10-07T14:09:36+00:00
1664483,2026-10-07T14:09:36+00:00
1664487,2026-10-07T14:09:36+00:00
1664498,2026-10-07T14:09:36+00:00
1664502,2026-10-07T14:09:36+00:00
1664507,2026-10-07T14:09:36+00:00
1664521,2026-10-07T14:09:36+00:00
1664530,2026-10-07T14:09:36+00:00
1664531,2026-10-07T14:09:36+00:00
1664536,2026-10-07T14:09:36+00:00
1664547,2026-10-07T14:09:36+00:00
1664572,2026-10-07T14:09:36+00:00
1664577,2026-10-07T14:09:36+00:00
1664580,2026-10-07T14:09:36+00:00
1664599,2026-10-07T14:09:36+00:00
1664603,2026-10-07T14:09:36+00:00
1664608,2026-10-07T14:09:36+00:00
1664620,2026-10-07T14:09:36+00:00
1664625,2026-10-07T14:09:36+00:00
1664627,2026-10-07T14:09:36+00:00
1664632,2026-10-07T14:09:36+00:00
1664641,2026-10-07T14:09:36+00:00
1664643,2026-10-07T14:09:36+00:00
1664652,2026-10-07T14:09:36+00:00
1664660,2026-10-07T14:09:36+00:00
1664662,2026-10-07T14:09:36+00:00
1664673,2026-10-07T14:09:36+00:00
1664682,2026-10-07T14:09:36+00:00
1664693,2026-10-07T14:09:36+00:00
1664706,2026-10-07T14:09:36+00:00
1664707,2026-10-07T14:09:36+00:00
1664716,2026-10-07T14:09:36+00:00
1664720,2026-10-07T14:09:36+00:00
1664721,2026-10-07T14:09:36+00:00
1664728,2026-10-07T14:09:36+00:00
1664729,2026-10-07T14:09:36+00:00
1664731,2026-10-07T14:09:36+00:00
1664748,2026-10-07T14:09:36+00:00
1664750,2026-10-07T14:09:36+00:00
1664757,2026-10-07T14:09:36+00:00
1664758,2026-10-07T14:09:36+00:00
1664760,2026-10-07T14:09:36+00:00
1664763,2026-10-07T14:09:36+00:00
1664767,2026-10-07T14:09:36+00:00
1664768,2026-10-07T14:09:36+00:00
1664774,2026-10-07T14:09:36+00:00
1664775,2026-10-07T14:09:36+00:00
1664780,2026-10-07T14:09:36+00:00
1664785,2026-10-07T14:09:36+00:00
1664790,2026-10-07T14:09:36+00:00
1664792,2026-10-07T14:09:36+00:00
1664798,2026-10-07T14:09:36+00:00
1664799,2026-10-07T14:09:36+00:00
1664800,2026-10-07T14:09:36+00:00
1664802,2026-10-07T14:09:36+00:00
1664917,2026-10-07T14:09:36+00:00
1664920,2026-10-07T14:09:36+00:00
1664941,2026-10-07T14:09:36+00:00
1664949,2026-10-07T14:09:36+00:00
1664958,2026-10-07T14:09:36+00:00
1664959,2026-10-07T14:09:36+00:00
1664967,2026-10-07T14:09:36+00:00
1664972,2026-10-07T14:09:36+00:00
1664980,2026-10-07T14:09:36+00:00
1664983,2026-10-07T14:09:36+00:00
1664986,2026-10-07T14:09:36+00:00
1664996,2026-10-07T14:09:36+00:00
1665002,2026-10-07T14:09:36+00:00
1665005,2026-10-07T14:09:36+00:00
1665007,2026-10-07T14:09:36+00:00
1665010,2026-10-07T14:09:36+00:00
1665011,2026-10-07T14:09:36+00:00
1665017,2026-10-07T14:09:36+00:00
1665019,2026-10-07T14:09:36+00:00
1665027,2026-10-07T14:09:36+00:00
1665029,2026-10-07T14:09:36+00:00
1665032,2026-10-07T14:09:36+00:00
1665038,2026-10-07T14:09:36+00:00
1665040,2026-10-07T14:09:36+00:00
1665049,2026-10-07T14:09:36+00:00
1665078,2026-10-07T14:09:36+00:00
1665093,2026-10-07T14:09:36+00:00
1665096,2026-10-07T14:09:36+00:00
1665114,2026-10-07T14:09:36+00:00
1665122,2026-10-07T14:09:36+00:00
1665123,2026-10-07T14:09:36+00:00
1665150,2026-10-07T14:09:36+00:00
1665166,2026-10-07T14:09:36+00:00
1665170,2026-10-07T14:09:36+00:00
1665176,2026-10-07T14:09:36+00:00
1665178,2026-10-07T14:09:36+00:00
1665183,2026-10-07T14:09:36+00:00
1665184,2026-10-07T14:09:36+00:00
1665189,2026-10-07T14:09:36+00:00
1665190,2026-10-07T14:09:36+00:00
1665194,2026-10-07T14:09:36+00:00
1665195,2026-10-07T14:09:36+00:00
1665197,2026-10-07T14:09:36+00:00
1665205,2026-10-07T14:09:36+00:00
1665217,2026-10-07T14:09:36+00:00
1665220,2026-10-07T14:09:36+00:00
1665221,2026-10-07T14:09:36+00:00
1665223,2026-10-07T14:09:36+00:00
1665225,2026-10-07T14:09:36+00:00
1665231,2026-10-07T14:09:36+00:00
1665234,2026-10-07T14:09:36+00:00
1665239,2026-10-07T14:09:36+00:00
1665243,2026-10-07T14:09:36+00:00
1665245,2026-10-07T14:09:36+00:00
1665251,2026-10-07T14:09:36+00:00
1665256,2026-10-07T14:09:36+00:00
1665264,2026-10-07T14:09:36+00:00
1665278,2026-10-07T14:09:36+00:00
1665283,2026-10-07T14:09:36+00:00
1665285,2026-10-07T14:09:36+00:00
1665286,2026-10-07T14:09:36+00:00
1665287,2026-10-07T14:09:36+00:00
1665288,2026-10-07T14:09:36+00:00
1665294,2026-10-07T14:09:36+00:00
1665297,2026-10-07T14:09:36+00:00
1665298,2026-10-07T14:09:36+00:00
1665301,2026-10-07T14:09:36+00:00
1665305,2026-10-07T14:09:36+00:00
1665310,2026-10-07T14:09:36+00:00
1665312,2026-10-07T14:09:36+00:00
1665313,2026-10-07T14:09:36+00:00
1665315,2026-10-07T14:09:36+00:00
1665316,2026-10-07T14:09:36+00:00
1665317,2026-10-07T14:09:36+00:00
1665318,2026-10-07T14:09:36+00:00
1665320,2026-10-07T14:09:36+00:00
1665321,2026-10-07T14:09:36+00:00
1665322,2026-10-07T14:09:36+00:00
1665324,2026-10-07T14:09:36+00:00
1665325,2026-10-07T14:09:36+00:00
1665328,2026-10-07T14:09:36+00:00
1665337,2026-10-07T14:09:36+00:00
1665344,2026-10-07T14:09:36+00:00
1665350,2026-10-07T14:09:36+00:00
1665353,2026-10-07T14:09:36+00:00
1665356,2026-10-07T14:09:36+00:00
1665357,2026-10-07T14:09:36+00:00
1665358,2026-10-07T14:09:36+00:00
1665361,2026-10-07T14:09:36+00:00
1665362,2026-10-07T14:09:36+00:00
1665363,2026-10-07T14:09:36+00:00
1665364,2026-10-07T14:09:36+00:00
1665367,2026-10-07T14:09:36+00:00
1665372,2026-10-07T14:09:36+00:00
1665380,2026-10-07T14:09:36+00:00
1665396,2026-10-07T14:09:36+00:00
1665399,2026-10-07T14:09:36+00:00
1665544,2026-10-07T14:09:36+00:00
1665547,2026-10-07T14:09:36+00:00
1665556,2026-10-07T14:09:36+00:00
1665567,2026-10-07T14:09:36+00:00
1665573,2026-10-07T14:09:36+00:00
1665578,2026-10-07T14:09:36+00:00
1665584,2026-10-07T14:09:36+00:00
1665587,2026-10-07T14:09:36+00:00
1665590,2026-10-07T14:09:36+00:00
1665592,2026-10-07T14:09:36+00:00
1665593,2026-10-07T14:09:36+00:00
1665595,2026-10-07T14:09:36+00:00
1665596,2026-10-07T14:09:36+00:00
1665607,2026-10-07T14:09:36+00:00
1665613,2026-10-07T14:09:36+00:00
1665614,2026-10-07T14:09:36+00:00
1665616,2026-10-07T14:09:36+00:00
1665620,2026-10-07T14:09:36+00:00
1665622,2026-10-07T14:09:36+00:00
1665635,2026-10-07T14:09:36+00:00
1665636,2026-10-07T14:09:36+00:00
1665650,2026-10-07T14:09:36+00:00
1665667,2026-10-07T14:09:36+00:00
1665668,2026-10-07T14:09:36+00:00
1665683,2026-10-07T14:09:36+00:00
1665686,2026-10-07T14:09:36+00:00
1665688,2026-10-07T14:09:36+00:00
1665693,2026-10-07T14:09:36+00:00
1665694,2026-10-07T14:09:36+00:00
1665697,2026-10-07T14:09:36+00:00
1665698,2026-10-07T14:09:36+00:00
1665699,2026-10-07T14:09:36+00:00
1665716,2026-10-07T14:09:36+00:00
1665724,2026-10-07T14:09:36+00:00
1665725,2026-10-07T14:09:36+00:00
1665737,2026-10-07T14:09:36+00:00
1665739,2026-10-07T14:09:36+00:00
1665743,2026-10-07T14:09:36+00:00
1665748,2026-10-07T14:09:36+00:00
1665751,2026-10-07T14:09:36+00:00
1665774,2026-10-07T14:09:36+00:00
1665778,2026-10-07T14:09:36+00:00
1665780,2026-10-07T14:09:36+00:00
1665786,2026-10-07T14:09:36+00:00
1665791,2026-10-07T14:09:36+00:00
1665819,2026-10-07T14:09:36+00:00
1665823,2026-10-07T14:09:36+00:00
1665824,2026-10-07T14:09:36+00:00
1665825,2026-10-07T14:09:36+00:00
1665829,2026-10-07T14:09:36+00:00
1665832,2026-10-07T14:09:36+00:00
1665833,2026-10-07T14:09:36+00:00
1665837,2026-10-07T14:09:36+00:00
1665841,2026-10-07T14:09:36+00:00
1665859,2026-10-07T14:09:36+00:00
1665862,2026-10-07T14:09:36+00:00
1665871,2026-10-07T14:09:36+00:00
1665873,2026-10-07T14:09:36+00:00
1665882,2026-10-07T14:09:36+00:00
1665886,2026-10-07T14:09:36+00:00
1665889,2026-10-07T14:09:36+00:00
1665892,2026-10-07T14:09:36+00:00
1665894,2026-10-07T14:09:36+00:00
1665895,2026-10-07T14:09:36+00:00
1665905,2026-10-07T14:09:36+00:00
1665908,2026-10-07T14:09:36+00:00
1665912,2026-10-07T14:09:36+00:00
1665914,2026-10-07T14:09:36+00:00
1665926,2026-10-07T14:09:36+00:00
1665927,2026-10-07T14:09:36+00:00
1665934,2026-10-07T14:09:36+00:00
1665935,2026-10-07T14:09:36+00:00
1665945,2026-10-07T14:09:36+00:00
1666116,2026-10-07T14:09:36+00:00
1666118,2026-10-07T14:09:36+00:00
1666136,2026-10-07T14:09:36+00:00
1666157,2026-10-07T14:09:36+00:00
1666169,2026-10-07T14:09:36+00:00
1666194,2026-10-07T14:09:36+00:00
1666209,2026-10-07T14:09:36+00:00
1666213,2026-10-07T14:09:36+00:00
1666214,2026-10-07T14:09:36+00:00
1666222,2026-10-07T14:09:36+00:00
1666223,2026-10-07T14:09:36+00:00
1666238,2026-10-07T14:09:36+00:00
1666239,2026-10-07T14:09:36+00:00
1666251,2026-10-07T14:09:36+00:00
1666265,2026-10-07T14:09:36+00:00
1666266,2026-10-07T14:09:36+00:00
1666269,2026-10-07T14:09:36+00:00
1666270,2026-10-07T14:09:36+00:00
1666274,2026-10-07T14:09:36+00:00
1666287,2026-10-07T14:09:36+00:00
1666290,2026-10-07T14:09:36+00:00
1666293,2026-10-07T14:09:36+00:00
1666300,2026-10-07T14:09:36+00:00
1666312,2026-10-07T14:09:36+00:00
1666314,2026-10-07T14:09:36+00:00
1666316,2026-10-07T14:09:36+00:00
1666349,2026-10-07T14:09:36+00:00
1666350,2026-10-07T14:09:36+00:00
1666367,2026-10-07T14:09:36+00:00
1666368,2026-10-07T14:09:36+00:00
1666369,2026-10-07T14:09:36+00:00
1666371,2026-10-07T14:09:36+00:00
1666378,2026-10-07T14:09:36+00:00
1666381,2026-10-07T14:09:36+00:00
1666382,2026-10-07T14:09:36+00:00
1666383,2026-10-07T14:09:36+00:00
1666387,2026-10-07T14:09:36+00:00
1666389,2026-10-07T14:09:36+00:00
1666392,2026-10-07T14:09:36+00:00
1666393,2026-10-07T14:09:36+00:00
1666400,2026-10-07T14:09:36+00:00
1666407,2026-10-07T14:09:36+00:00
1666438,2026-10-07T14:09:36+00:00
1666441,2026-10-07T14:09:36+00:00
1666445,2026-10-07T14:09:36+00:00
1666450,2026-10-07T14:09:36+00:00
1666456,2026-10-07T14:09:36+00:00
1666465,2026-10-07T14:09:36+00:00
1666474,2026-10-07T14:09:36+00:00
1666480,2026-10-07T14:09:36+00:00
1666484,2026-10-07T14:09:36+00:00
1666486,2026-10-07T14:09:36+00:00
1666493,2026-10-07T14:09:36+00:00
1666509,2026-10-07T14:09:36+00:00
1666512,2026-10-07T14:09:36+00:00
1666513,2026-10-07T14:09:36+00:00
1666537,2026-10-07T20:00:16+00:00
1666539,2026-10-07T20:00:16+00:00
1666559,2026-10-07T20:00:16+00:00
